"ID","name","fa_loans_debt_avg_d"
"1","Alabama A & M University",38819
"2","University of Alabama at Birmingham",30642
"3","University of Alabama in Huntsville",29421
"4","Alabama State University",32629
"5","The University of Alabama",29320
"8","Auburn University",27146
"10","University of West Alabama",31901
"11","University of Montevallo",27090
"12","University of North Alabama",29839
"15","Amridge University",10500
"16","Birmingham Southern College",31872
"18","Faulkner University",29000
"19","Huntingdon College",28322
"23","University of Mobile",28250
"25","Samford University",26543
"27","Spring Hill College",31855
"31","Tuskegee University",26500
"34","University of Alaska Anchorage",26569
"35","University of Alaska Fairbanks",29906
"38","Alaska Pacific University",8922
"39","Arizona State University-Tempe",21920
"40","University of Arizona",22761
"42","Northern Arizona University",23602
"43","Arizona State University-West",18585
"44","Arizona State University-Polytechnic",26463
"45","Arizona State University-Downtown Phoenix",22498
"52","Prescott College",24651
"53","Arizona Christian University",26228
"58","University of Arkansas",24120
"60","Arkansas State University-Main Campus",25000
"61","Arkansas Tech University",29865
"64","Henderson State University",23641
"68","Lyon College",22321
"71","Harding University",24120
"72","Hendrix College",26203
"73","John Brown University",24525
"74","Ouachita Baptist University",24252
"76","Philander Smith College",35968
"77","Williams Baptist College",20077
"80","California State University-Bakersfield",11735
"82","California State University-San Bernardino",20077
"83","California State Polytechnic University-Pomona",22245
"85","California State University-Dominguez Hills",16768
"86","California State University-Fresno",12851
"87","California State University-Fullerton",14965
"88","California State University-East Bay",18684
"89","California State University-Long Beach",16579
"90","California State University-Los Angeles",14788
"92","California State University-Sacramento",25482
"93","University of California-Berkeley",17584
"94","University of California-Davis",19705
"95","University of California-Irvine",20319
"96","University of California-Los Angeles",20759
"97","University of California-Riverside",21166
"98","University of California-San Diego",21790
"99","University of California-Santa Barbara",21045
"100","University of California-Santa Cruz",22583
"102","Humboldt State University",19351
"103","San Diego State University",18400
"104","San Francisco State University",22741
"105","San Jose State University",23467
"106","Sonoma State University",20744
"107","California State University-San Marcos",22024
"108","California State University-Monterey Bay",18992
"110","University of California-Merced",20408
"112","Azusa Pacific University",20612
"114","Biola University",34107
"116","California Baptist University",33409
"117","California College of the Arts",34237
"118","California Institute of Technology",12104
"119","California Lutheran University",24230
"120","Alliant International University",15000
"122","California Institute of the Arts",38770
"123","Chapman University",27979
"125","Concordia University-Irvine",28072
"127","Claremont McKenna College",23232
"131","Fresno Pacific University",21992
"133","Harvey Mudd College",24503
"137","American Jewish University",30000
"139","University of La Verne",28215
"140","Laguna College of Art and Design",38000
"143","La Sierra University",36251
"145","The Master's College and Seminary",26442
"146","Loyola Marymount University",30243
"147","Marymount California University",9421
"148","Menlo College",29943
"149","Mills College",31273
"151","Mount St Mary's College",34576
"152","National University",12076
"154","Notre Dame de Namur University",31348
"155","Occidental College",29962
"156","Otis College of Art and Design",33694
"157","Hope International University",24091
"163","Pepperdine University",31884
"164","Pitzer College",19422
"165","Point Loma Nazarene University",32649
"166","Pomona College",16273
"169","University of San Diego",30225
"170","San Francisco Art Institute",25931
"171","San Francisco Conservatory of Music",24500
"172","University of San Francisco",31098
"173","William Jessup University",23636
"174","Santa Clara University",26759
"175","Scripps College",20060
"177","Simpson University",28161
"178","Saint Mary's College of California",32803
"181","Southern California Institute of Architecture",39287
"182","University of Southern California",28541
"183","Thomas Aquinas College",16263
"185","Westmont College",34428
"186","Whittier College",37379
"187","Woodbury University",40699
"189","Stanford University",19230
"193","Soka University of America",19563
"208","Adams State University",30211
"209","University of Colorado Denver",21502
"210","University of Colorado Colorado Springs",19780
"211","University of Colorado Boulder",25126
"213","Colorado School of Mines",23667
"214","Colorado State University-Fort Collins",23721
"215","Fort Lewis College",19507
"216","Colorado Mesa University",26740
"217","Metropolitan State University of Denver",28468
"218","University of Northern Colorado",25446
"219","Colorado State University-Pueblo",29914
"221","Western State Colorado University",21251
"224","Colorado College",19756
"226","University of Denver",29050
"227","Naropa University",23755
"228","Nazarene Bible College",33289
"229","Regis University",28461
"235","Central Connecticut State University",24000
"237","University of Connecticut",24999
"238","Eastern Connecticut State University",26921
"239","Southern Connecticut State University",23781
"242","Albertus Magnus College",33975
"243","University of Bridgeport",21200
"244","Connecticut College",28321
"246","Fairfield University",27918
"251","University of New Haven",43472
"252","Quinnipiac University",45711
"253","Sacred Heart University",45746
"254","University of Saint Joseph",37557
"256","Trinity College",28237
"257","Wesleyan University",22959
"258","Yale University",14853
"259","Delaware State University",38702
"260","University of Delaware",32705
"269","Gallaudet University",15970
"270","George Washington University",31337
"271","Georgetown University",22464
"272","Howard University",32071
"276","University of Central Florida",23378
"280","Florida Agricultural and Mechanical University",31407
"281","Florida Atlantic University",21448
"284","Florida State University",24347
"285","University of Florida",20642
"291","University of North Florida",19253
"300","University of South Florida-Main Campus",22611
"303","New College of Florida",17553
"304","Florida Gulf Coast University",22718
"307","The Baptist College of Florida",17258
"308","Barry University",38342
"309","Bethune-Cookman University",23525
"310","Lynn University",30938
"311","Carlos Albizu University-Miami",16500
"314","Eckerd College",33697
"317","Flagler College-St Augustine",27853
"320","Florida Institute of Technology",40383
"322","Florida Southern College",24314
"328","University of Miami",26793
"331","Nova Southeastern University",31022
"332","Palm Beach Atlantic University",27374
"333","Ringling College of Art and Design",43685
"334","Rollins College",26689
"335","Saint Leo University",27436
"338","Stetson University",32302
"341","The University of Tampa",33673
"343","Trinity College of Florida",28201
"345","Webber International University",24578
"348","Hodges University",17775
"349","Beacon College",27000
"350","Everglades University",60735
"365","Albany State University",39014
"366","Armstrong Atlantic State University",19806
"369","Clayton  State University",30423
"370","Columbus State University",30142
"374","Georgia Institute of Technology-Main Campus",24891
"375","Georgia Southwestern State University",23450
"376","Georgia College and State University",21919
"377","Georgia Southern University",24201
"378","Georgia State University",27295
"379","University of Georgia",21638
"381","Kennesaw State University",24740
"384","Valdosta State University",27308
"385","University of West Georgia",27494
"392","Agnes Scott College",27763
"395","Berry College",23997
"397","Brenau University",33376
"400","Covenant College",24215
"401","Emmanuel College",29202
"402","Emory University",24741
"403","LaGrange College",32574
"404","Life University",30000
"405","Mercer University",30018
"406","Morehouse College",35807
"407","Oglethorpe University",24058
"409","Piedmont College",23481
"410","Reinhardt University",23235
"411","Savannah College of Art and Design",36088
"413","Spelman College",35516
"416","Truett-McConnell College",13508
"417","Wesleyan College",32755
"422","University of Hawaii at Manoa",24277
"425","Chaminade University of Honolulu",26323
"430","Boise State University",27024
"431","Idaho State University",26445
"432","University of Idaho",25753
"433","Lewis-Clark State College",18065
"435","The College of Idaho",29998
"436","Northwest Nazarene University",27657
"441","Eastern Illinois University",31219
"443","University of Illinois at Chicago",23158
"445","Illinois State University",30373
"446","Northern Illinois University",33234
"447","Northeastern Illinois University",13366
"448","University of Illinois at Springfield",23507
"449","Southern Illinois University-Carbondale",30138
"450","Southern Illinois University-Edwardsville",27681
"451","Western Illinois University",28785
"452","School of the Art Institute of Chicago",42097
"453","Augustana College",31612
"456","Blessing Rieman College of Nursing",8475
"457","Bradley University",27277
"458","University of Chicago",23223
"460","Concordia University-Chicago",32408
"461","DePaul University",27498
"463","Elmhurst College",28068
"464","Eureka College",30194
"465","Greenville College",28452
"468","Benedictine University",26750
"469","Illinois Wesleyan University",32101
"470","Illinois College",22958
"471","Illinois Institute of Technology",31877
"473","Knox College",29085
"475","Lakeview College of Nursing",25000
"476","Lewis University",33748
"477","Lincoln Christian University",25578
"479","Loyola University Chicago",31089
"481","MacMurray College",50039
"482","McKendree University",21731
"484","Millikin University",31989
"485","Monmouth College",31154
"489","North Central College",32086
"491","Northwestern University",19864
"492","Olivet Nazarene University",32906
"493","Principia College",23732
"494","Quincy University",27857
"495","Robert Morris University Illinois",31562
"496","Rockford University",39619
"498","Dominican University",29235
"501","University of St Francis",29418
"504","Shimer College",25125
"508","Trinity Christian College",30996
"510","VanderCook College of Music",38861
"512","Wheaton College",25939
"514","Ball State University",27627
"515","Indiana University-Purdue University-Fort Wayne",29452
"516","Indiana University-Purdue University-Indianapolis",31010
"517","University of Southern Indiana",25732
"518","Indiana State University",26256
"519","Indiana University-Kokomo",26651
"520","Indiana University-South Bend",29919
"521","Indiana University-Bloomington",27300
"522","Indiana University-Northwest",33790
"523","Indiana University-Southeast",26594
"524","Indiana University-East",29952
"525","Purdue University-Calumet Campus",28600
"528","Purdue University-Main Campus",28343
"531","Butler University",35797
"532","Calumet College of Saint Joseph",30847
"533","DePauw University",27005
"534","Earlham College",27421
"535","University of Evansville",29441
"536","Franklin College",32451
"537","Goshen College",26586
"539","Hanover College",31004
"541","Huntington University",35840
"542","University of Indianapolis",35689
"543","Indiana Institute of Technology",41844
"544","Manchester University",30141
"549","University of Notre Dame",26674
"551","Rose-Hulman Institute of Technology",35420
"553","Saint Josephs College",30899
"555","Saint Mary's College",30910
"556","Taylor University",25125
"557","Trine University",32641
"558","Valparaiso University",35449
"559","Wabash College",30734
"563","Iowa State University",28880
"564","University of Iowa",28716
"565","University of Northern Iowa",23163
"569","Buena Vista University",34173
"570","Central College",29440
"571","Clarke University",37200
"572","Coe College",31992
"573","Cornell College",25004
"575","Dordt College",27867
"576","Drake University",31546
"577","University of Dubuque",22894
"580","Graceland University-Lamoni",35077
"581","Grand View University",38160
"582","Grinnell College",16315
"583","Iowa Wesleyan College",36797
"584","Loras College",34514
"585","Luther College",36918
"588","Morningside College",34667
"589","Mount Mercy University",27442
"592","Saint Ambrose University",34937
"593","Simpson College",35205
"594","Upper Iowa University",30401
"595","Wartburg College",39414
"597","Emporia State University",30488
"598","Fort Hays State University",25172
"600","University of Kansas",25268
"601","Kansas State University",26779
"602","Pittsburg State University",23307
"603","Washburn University",27383
"604","Wichita State University",23534
"608","Bethel College-North Newton",24132
"611","Barclay College",7220
"612","Friends University",15289
"613","Newman University",23843
"614","Kansas Wesleyan University",31230
"621","Southwestern College",33478
"622","Sterling College",28221
"623","Tabor College",26588
"627","Eastern Kentucky University",27438
"628","Kentucky State University",34110
"630","University of Louisville",23375
"631","Morehead State University",28147
"632","Murray State University",24554
"633","Northern Kentucky University",27594
"634","Western Kentucky University",26768
"635","Alice Lloyd College",9949
"637","Bellarmine University",31381
"638","Berea College",6186
"640","Campbellsville University",22261
"641","Centre College",25994
"643","University of the Cumberlands",18777
"644","Georgetown College",19076
"646","Kentucky Wesleyan College",24150
"647","Kentucky Christian University",30578
"648","Lindsey Wilson College",26249
"650","University of Pikeville",20087
"654","Thomas More College",31014
"655","Transylvania University",28079
"656","Union College",32691
"661","Louisiana State University and Agricultural & Mechanical College",22294
"663","Louisiana Tech University",16855
"665","University of New Orleans",18850
"666","Nicholls State University",24250
"674","Centenary College of Louisiana",27692
"677","Loyola University New Orleans",25133
"682","Tulane University of Louisiana",31653
"683","Xavier University of Louisiana",24570
"684","University of Maine at Augusta",30827
"685","University of Maine at Farmington",31792
"686","University of Maine at Fort Kent",24028
"687","University of Maine at Machias",29146
"688","University of Maine",33875
"689","Maine Maritime Academy",40909
"690","University of Maine at Presque Isle",23777
"692","College of the Atlantic",23926
"693","Bates College",18929
"694","Bowdoin College",25503
"695","Colby College",21958
"696","Husson University",32343
"700","Thomas College",36278
"704","Bowie State University",29737
"706","Frostburg State University",24916
"709","University of Maryland-Baltimore County",25925
"710","University of Maryland-College Park",25131
"711","University of Maryland Eastern Shore",27562
"712","Morgan State University",35568
"713","Salisbury University",24567
"714","St Mary's College of Maryland",24621
"715","Towson University",25926
"719","Goucher College",25580
"720","Hood College",31229
"721","Johns Hopkins University",23627
"722","Loyola University Maryland",34190
"724","Mount St Mary's University",36130
"726","Notre Dame of Maryland University",32346
"728","St John's College",28730
"729","Stevenson University",32503
"730","Washington College",35833
"731","McDaniel College",31568
"736","Bridgewater State University",32040
"738","Framingham State University",18027
"739","University of Massachusetts-Lowell",30505
"740","University of Massachusetts-Amherst",30453
"741","University of Massachusetts-Boston",27229
"742","Massachusetts College of Art and Design",26792
"743","Massachusetts Maritime Academy",37582
"744","Massachusetts College of Liberal Arts",28817
"746","University of Massachusetts-Dartmouth",31070
"747","Westfield State University",26326
"748","Worcester State University",25654
"750","Amherst College",14490
"751","Anna Maria College",51934
"752","Assumption College",34417
"753","Babson College",35290
"757","Bentley University",30602
"758","Berklee College of Music",15838
"760","Boston College",21139
"762","Boston University",39166
"763","Brandeis University",30848
"766","Clark University",24990
"767","Curry College",43388
"769","Eastern Nazarene College",25251
"770","Emerson College",23606
"771","Emmanuel College",35679
"772","Endicott College",39187
"775","Gordon College",38456
"776","Hampshire College",20432
"777","Harvard University",15117
"780","College of the Holy Cross",28354
"781","Lasell College",37302
"782","Lesley University",23000
"784","MCPHS University",14618
"785","Massachusetts Institute of Technology",19064
"789","Mount Holyoke College",23914
"791","School of the Museum of Fine Arts-Boston",34081
"792","The New England Conservatory of Music",25288
"795","Nichols College",32747
"797","College of Our Lady of the Elms",35089
"798","Pine Manor College",32975
"803","Smith College",24758
"804","Springfield College",41659
"805","Stonehill College",31622
"806","Suffolk University",29535
"807","Tufts University",26616
"808","Wellesley College",12956
"811","Wheaton College",29651
"812","Wheelock College",46690
"813","Williams College",14170
"817","Franklin W Olin College of Engineering",19992
"820","Central Michigan University",33545
"821","Eastern Michigan University",25781
"822","Ferris State University",35720
"823","Grand Valley State University",30222
"825","University of Michigan-Ann Arbor",26510
"826","Michigan State University",26122
"827","Michigan Technological University",36041
"828","University of Michigan-Dearborn",22168
"829","University of Michigan-Flint",32107
"830","Northern Michigan University",29618
"832","Oakland University",26724
"834","Wayne State University",23785
"835","Western Michigan University",32720
"836","Adrian College",27741
"837","Albion College",37151
"838","Alma College",32389
"839","Andrews University",36536
"840","Aquinas College",22396
"843","Calvin College",29403
"845","Concordia University-Ann Arbor",17853
"851","Cornerstone University",27919
"853","Hope College",31717
"854","Kalamazoo College",28405
"855","Lawrence Technological University",38966
"861","Olivet College",26222
"865","Spring Arbor University",36866
"879","Minnesota State University-Mankato",31568
"881","University of Minnesota-Twin Cities",26796
"882","University of Minnesota-Crookston",23621
"883","University of Minnesota-Duluth",31244
"886","Saint Cloud State University",31953
"888","Winona State University",35131
"891","Bethany Lutheran College",33384
"892","Bethel University",33685
"893","Carleton College",18302
"895","Concordia University-Saint Paul",30747
"896","Martin Luther College",17391
"897","Gustavus Adolphus College",36636
"898","Hamline University",36006
"899","Macalester College",24156
"900","Minneapolis College of Art and Design",33400
"906","College of Saint Benedict",39437
"907","Saint Johns University",38089
"908","Saint Mary's University of Minnesota",33216
"909","St Olaf College",28396
"911","The College of Saint Scholastica",42792
"912","University of St Thomas",37131
"913","St Catherine University",39748
"915","Alcorn State University",34725
"917","Jackson State University",31576
"918","University of Mississippi",26443
"920","Mississippi University for Women",21095
"922","Mississippi State University",29365
"923","University of Southern Mississippi",17806
"924","Belhaven University",26800
"925","Blue Mountain College",24571
"926","Millsaps College",29021
"927","Mississippi College",29189
"932","University of Central Missouri",27424
"934","Lincoln University",30225
"935","Missouri Southern State University",29405
"936","Missouri Western State University",26015
"937","University of Missouri-Columbia",25321
"938","University of Missouri-Kansas City",29464
"939","Missouri University of Science and Technology",27591
"940","University of Missouri-St Louis",25208
"941","Truman State University",23585
"942","Northwest Missouri State University",24710
"943","Southeast Missouri State University",26508
"944","Missouri State University-Springfield",24655
"948","Calvary Bible College and Theological Seminary",9993
"950","Central Methodist University-College of Liberal Arts and Sciences",28902
"951","Columbia College",14591
"952","Conception Seminary College",27243
"954","Culver-Stockton College",24487
"955","Drury University",25336
"956","Evangel University",30179
"957","Fontbonne University",24281
"960","Kansas City Art Institute",25000
"964","Maryville University of Saint Louis",31696
"966","Missouri Baptist University",25337
"967","Missouri Valley College",25200
"969","College of the Ozarks",6282
"970","Park University",22115
"972","Rockhurst University",24852
"973","Saint Louis University",35615
"974","Saint Louis Christian College",32975
"975","Southwest Baptist University",26615
"977","Stephens College",26824
"978","Washington University in St Louis",23858
"979","Webster University",30413
"980","Westminster College",29004
"981","William Jewell College",29885
"982","William Woods University",21260
"985","Montana State University-Billings",27225
"986","Montana Tech of the University of Montana",24448
"987","Montana State University",27200
"988","The University of Montana",27203
"991","Carroll College",26996
"992","University of Great Falls",23340
"993","Rocky Mountain College",29206
"997","University of Nebraska at Kearney",23229
"998","University of Nebraska at Omaha",26866
"1000","University of Nebraska-Lincoln",23395
"1006","Concordia University-Nebraska",29002
"1007","Creighton University",33428
"1008","Doane College-Crete",29994
"1010","Hastings College",27784
"1011","Nebraska Methodist College of Nursing & Allied Health",31591
"1016","College of Saint Mary",29538
"1017","Union College",29020
"1021","University of Nevada-Las Vegas",18542
"1022","University of Nevada-Reno",22500
"1029","University of New Hampshire-Main Campus",36965
"1030","Keene State College",33796
"1031","University of New Hampshire at Manchester",29393
"1032","Plymouth State University",32327
"1035","Dartmouth College",17171
"1036","Franklin Pierce University",38546
"1038","New England College",31073
"1041","Saint Anselm College",35601
"1044","Rowan University",31759
"1045","New Jersey City University",20763
"1046","Kean University",32886
"1047","Montclair State University",28070
"1049","Ramapo College of New Jersey",29972
"1050","Rutgers University-Camden",28651
"1051","Rutgers University-New Brunswick",25228
"1052","Rutgers University-Newark",26993
"1053","The Richard Stockton College of New Jersey",33543
"1055","The College of New Jersey",33635
"1056","William Paterson University of New Jersey",25062
"1058","Bloomfield College",33443
"1059","Caldwell College",22250
"1061","Drew University",24778
"1065","Georgian Court University",40551
"1066","Monmouth University",30678
"1067","Princeton University",6600
"1069","Rider University",28080
"1084","Eastern New Mexico University-Main Campus",4895
"1086","New Mexico Highlands University",14106
"1087","New Mexico Institute of Mining and Technology",20944
"1089","New Mexico State University-Main Campus",18628
"1091","Western New Mexico University",29758
"1093","St John's College",25570
"1094","CUNY Bernard M Baruch College",5511
"1095","CUNY Brooklyn College",12500
"1097","CUNY City College",16942
"1100","CUNY John Jay College of Criminal Justice",11246
"1101","CUNY Lehman College",8525
"1105","CUNY York College",4745
"1106","Fashion Institute of Technology",27303
"1108","SUNY College of Technology at Canton",30905
"1110","SUNY College of Agriculture and Technology at Cobleskill",24952
"1112","Morrisville State College",29023
"1113","SUNY at Albany",24779
"1114","SUNY at Binghamton",25727
"1116","Stony Brook University",24884
"1117","SUNY College of Environmental Science and Forestry",25399
"1119","SUNY College at Brockport",27666
"1120","Buffalo State SUNY",24290
"1121","SUNY College at Cortland",27472
"1122","SUNY at Fredonia",28900
"1123","SUNY College at Geneseo",23308
"1124","State University of New York at New Paltz",25874
"1126","SUNY College at Oswego",28362
"1127","SUNY College at Potsdam",21531
"1128","SUNY at Purchase College",26348
"1130","SUNY College at Plattsburgh",28125
"1138","Adelphi University",32328
"1142","Bard College",26599
"1143","Barnard College",17660
"1147","Canisius College",40913
"1148","Cazenovia College",29998
"1150","Clarkson University",28000
"1151","Colgate University",21405
"1155","Cooper Union for the Advancement of Science and Art",19072
"1156","Cornell University",21411
"1157","Culinary Institute of America",35617
"1158","D'Youville College",33169
"1161","Dominican College of Blauvelt",22640
"1162","Dowling College",39116
"1163","Elmira College",26471
"1164","Fordham University",37607
"1165","Hamilton College",18941
"1166","Hartwick College",26708
"1168","Hilbert College",20139
"1169","Hobart William Smith Colleges",34330
"1171","Houghton College",26550
"1172","Iona College",30885
"1175","The Juilliard School",26712
"1178","Le Moyne College",34500
"1179","LIU Brooklyn",41554
"1180","LIU Post",35474
"1183","Manhattan College",37449
"1184","Manhattan School of Music",3694
"1185","Manhattanville College",33444
"1187","Marist College",34801
"1188","Marymount Manhattan College",29419
"1190","Mercy College",17399
"1196","Mount Saint Mary College",31764
"1198","Nazareth College",35396
"1199","The College of New Rochelle",37437
"1201","New York University",27977
"1202","Niagara University",30289
"1204","New York School of Interior Design",33146
"1205","Nyack College",37577
"1207","Pace University-New York",35442
"1210","Pratt Institute-Main",34877
"1218","Rensselaer Polytechnic Institute",41814
"1219","Roberts Wesleyan College",35461
"1220","Rochester Institute of Technology",26000
"1221","University of Rochester",30604
"1222","The Sage Colleges",26534
"1223","St Bonaventure University",35627
"1224","St Francis College",23835
"1225","St Lawrence University",26792
"1226","The College of Saint Rose",34482
"1227","St Thomas Aquinas College",28750
"1228","Sarah Lawrence College",18483
"1230","Siena College",32678
"1231","Skidmore College",22887
"1232","Saint Joseph's College-New York",23772
"1233","Saint John Fisher College",32982
"1234","St John's University-New York",32950
"1235","Syracuse University",34584
"1239","Touro College",17000
"1242","Union College",29586
"1244","Utica College",42083
"1245","Vassar College",17476
"1246","Villa Maria College",22658
"1248","Webb Institute",10000
"1249","Wells College",36498
"1255","Yeshiva University",24101
"1271","The King’s College",28117
"1275","Appalachian State University",21693
"1276","East Carolina University",29699
"1278","Fayetteville State University",24029
"1279","North Carolina A & T State University",26265
"1280","University of North Carolina at Asheville",21105
"1281","University of North Carolina at Chapel Hill",18945
"1282","University of North Carolina at Charlotte",26488
"1283","University of North Carolina at Greensboro",23265
"1284","North Carolina Central University",31747
"1285","University of North Carolina School of the Arts",22697
"1286","North Carolina State University at Raleigh",20482
"1287","University of North Carolina Wilmington",25644
"1288","University of North Carolina at Pembroke",24860
"1290","Western Carolina University",23806
"1292","Belmont Abbey College",27341
"1294","Brevard College",35211
"1296","Campbell University",27578
"1297","Catawba College",28132
"1298","Chowan University",33992
"1299","Davidson College",21365
"1300","Duke University",20556
"1301","Elon University",27176
"1302","Gardner-Webb University",29543
"1304","Guilford College",25360
"1308","Johnson C Smith University",33377
"1310","Lenoir-Rhyne University",27814
"1313","Meredith College",34535
"1314","Methodist University",35525
"1315","Montreat College",19899
"1316","Mount Olive College",28241
"1318","William Peace University",32000
"1320","Piedmont International University",17929
"1321","Queens University of Charlotte",28359
"1322","Mid-Atlantic Christian University",33980
"1323","Saint Augustine's University",19500
"1326","St Andrews University",27760
"1328","Wake Forest University",34745
"1329","Warren Wilson College",24839
"1330","Wingate University",29939
"1333","New Life Theological Seminary",39607
"1338","Dickinson State University",24244
"1340","Mayville State University",31681
"1341","Minot State University",24856
"1345","Valley City State University",27756
"1346","University of Jamestown",26530
"1352","University of Akron Main Campus",23124
"1353","Bowling Green State University-Main Campus",30307
"1355","University of Cincinnati-Main Campus",28228
"1358","Cleveland State University",24856
"1365","Kent State University at Kent",32393
"1367","Miami University-Oxford",27181
"1372","Ohio State University-Main Campus",26830
"1373","Ohio University-Main Campus",27645
"1375","University of Toledo",27928
"1376","Wright State University-Main Campus",30778
"1378","Youngstown State University",30481
"1381","Ashland University",36779
"1382","Baldwin Wallace University",32526
"1383","Bluffton University",35883
"1384","Capital University",33833
"1385","Case Western Reserve University",33343
"1386","Cedarville University",29105
"1387","Cincinnati Christian University",32675
"1390","Cleveland Institute of Art",30681
"1391","Cleveland Institute of Music",27157
"1392","Columbus College of Art and Design",32006
"1393","University of Dayton",35278
"1396","The University of Findlay",34434
"1400","Heidelberg University",36962
"1402","John Carroll University",30837
"1403","Kenyon College",20323
"1405","Lake Erie College",34114
"1407","Malone University",30679
"1408","Marietta College",39708
"1409","Mercy College of Ohio",28842
"1410","Mount Carmel College of Nursing",35952
"1411","University of Mount Union",34586
"1414","Muskingum University",33488
"1417","Oberlin College",25018
"1420","Ohio Wesleyan University",28516
"1421","Otterbein University",37388
"1424","University of Rio Grande",28617
"1425","Franciscan University of Steubenville",32443
"1427","Tiffin University",32679
"1431","Ursuline College",29542
"1435","Wittenberg University",30748
"1436","The College of Wooster",24506
"1437","Xavier University",34365
"1439","Cameron University",20512
"1440","University of Central Oklahoma",24530
"1441","East Central University",21806
"1443","Northeastern State University",24431
"1444","Northwestern Oklahoma State University",16932
"1447","Oklahoma State University-Main Campus",22591
"1449","University of Oklahoma-Norman Campus",23151
"1451","Rogers State University",13403
"1452","University of Science and Arts of Oklahoma",20074
"1453","Southeastern Oklahoma State University",19368
"1454","Southwestern Oklahoma State University",16262
"1456","Oklahoma Wesleyan University",28072
"1458","Hillsdale Free Will Baptist College",23500
"1459","Oklahoma Christian University",27065
"1460","Oklahoma Baptist University",26557
"1461","Oklahoma City University",27819
"1462","Oral Roberts University",32750
"1465","University of Tulsa",29161
"1470","Oregon Institute of Technology",29685
"1471","Oregon State University",21955
"1472","University of Oregon",24508
"1473","Portland State University",28410
"1474","Southern Oregon University",30936
"1475","Western Oregon University",28331
"1478","George Fox University",25143
"1479","Lewis & Clark College",27421
"1480","Linfield College-McMinnville Campus",28697
"1481","Marylhurst University",34399
"1484","Northwest Christian University",29485
"1487","Pacific University",25844
"1488","University of Portland",26557
"1489","Reed College",19151
"1490","Warner Pacific College",31338
"1491","Corban University",26407
"1492","Willamette University",26936
"1497","Bloomsburg University of Pennsylvania",29661
"1498","California University of Pennsylvania",29105
"1500","Clarion University of Pennsylvania",21507
"1501","East Stroudsburg University of Pennsylvania",27730
"1503","Indiana University of Pennsylvania-Main Campus",33807
"1504","Kutztown University of Pennsylvania",33376
"1505","Lincoln University of Pennsylvania",12082
"1506","Lock Haven University",29353
"1507","Mansfield University of Pennsylvania",33799
"1508","Millersville University of Pennsylvania",29791
"1509","Pennsylvania State University-Penn State Erie-Behrend College",36935
"1510","Pennsylvania State University-Penn State New Kensington",36935
"1512","Pennsylvania State University-Penn State Wilkes-Barre",36935
"1513","Pennsylvania State University-Penn State Worthington Scranton",36935
"1514","Pennsylvania State University-Penn State Lehigh Valley",36935
"1515","Pennsylvania State University-Penn State Altoona",36935
"1516","Pennsylvania State University-Penn State Beaver",36935
"1517","Pennsylvania State University-Penn State Berks",36935
"1518","Pennsylvania State University-Penn State Harrisburg",36935
"1519","Pennsylvania State University-Penn State Brandywine",36935
"1522","Pennsylvania State University-Penn State Hazleton",36935
"1523","Pennsylvania State University-Main Campus",36935
"1524","Pennsylvania State University-Penn State Greater Allegheny",36935
"1526","Pennsylvania State University-Penn State Abington",36935
"1527","Pennsylvania State University-Penn State Schuylkill",36935
"1528","Pennsylvania State University-Penn State York",36935
"1529","University of Pittsburgh-Bradford",37157
"1530","University of Pittsburgh-Greensburg",34451
"1531","University of Pittsburgh-Johnstown",34162
"1532","University of Pittsburgh-Pittsburgh Campus",36466
"1533","Shippensburg University of Pennsylvania",29988
"1534","Slippery Rock University of Pennsylvania",30458
"1535","Temple University",35760
"1536","West Chester University of Pennsylvania",30881
"1540","Albright College",28541
"1542","DeSales University",36798
"1543","Alvernia University",39560
"1546","Bryn Mawr College",24466
"1547","Bucknell University",22500
"1548","Cabrini College",35880
"1550","Carnegie Mellon University",31905
"1551","Cedar Crest College",41939
"1552","Chatham University",32814
"1553","Chestnut Hill College",35376
"1555","Delaware Valley College",39671
"1556","Dickinson College",25392
"1558","Duquesne University",34522
"1559","Eastern University",34662
"1560","Elizabethtown College",30355
"1561","Franklin and Marshall College",27474
"1563","Geneva College",32673
"1564","Gettysburg College",27714
"1566","Grove City College",31634
"1567","Gwynedd Mercy University",37860
"1568","Haverford College",15540
"1569","Holy Family University",40363
"1571","Juniata College",33421
"1573","King's College",29432
"1574","La Roche College",26713
"1575","La Salle University",35327
"1576","Lafayette College",27497
"1577","Lancaster Bible College",20959
"1578","Lebanon Valley College",36752
"1579","Lehigh University",31877
"1581","Marywood University",41559
"1582","Mercyhurst University",24739
"1583","Messiah College",34301
"1584","Misericordia University",35140
"1588","Muhlenberg College",29702
"1593","University of Pennsylvania",19442
"1594","Philadelphia University",40101
"1596","Cairn University-Langhorne",33016
"1598","Point Park University",28753
"1599","Robert Morris University",37531
"1600","Rosemont College",40792
"1601","Saint Francis University",36656
"1603","Saint Vincent College",29464
"1604","University of Scranton",38640
"1605","Seton Hill University",36295
"1607","Susquehanna University",29734
"1608","Swarthmore College",21866
"1610","Thiel College",37932
"1611","Thomas Jefferson University",55363
"1612","Ursinus College",35360
"1613","Valley Forge Christian College",31570
"1614","Villanova University",35122
"1616","Waynesburg University",30250
"1617","Westminster College",35333
"1619","Wilkes University",38082
"1620","Wilson College",30423
"1622","York College Pennsylvania",35669
"1626","Rhode Island College",25567
"1627","University of Rhode Island",30731
"1628","Brown University",24300
"1629","Bryant University",39283
"1632","Providence College",32475
"1633","Rhode Island School of Design",30376
"1634","Roger Williams University",40612
"1635","Salve Regina University",38425
"1637","College of Charleston",25644
"1638","Citadel Military College of South Carolina",29701
"1639","Clemson University",30213
"1640","Francis Marion University",28979
"1643","University of South Carolina-Aiken",28104
"1645","University of South Carolina-Columbia",28233
"1646","Coastal Carolina University",35207
"1648","University of South Carolina-Upstate",22660
"1649","Winthrop University",32165
"1651","Anderson University",32298
"1658","Columbia International University",24428
"1660","Converse College",32063
"1662","Furman University",25903
"1666","Newberry College",31951
"1668","Presbyterian College",30835
"1670","Wofford College",24999
"1672","Dakota State University",24728
"1673","Northern State University",27487
"1675","South Dakota School of Mines and Technology",22810
"1676","South Dakota State University",23183
"1677","University of South Dakota",25554
"1678","Augustana College",35385
"1679","Dakota Wesleyan University",32752
"1680","Mount Marty College",33945
"1684","Austin Peay State University",28820
"1686","University of Memphis",25244
"1687","Middle Tennessee State University",24834
"1688","The University of Tennessee-Chattanooga",21420
"1689","The University of Tennessee-Knoxville",23870
"1690","The University of Tennessee-Martin",28701
"1691","Tennessee State University",35645
"1692","Tennessee Technological University",18467
"1693","American Baptist College",9743
"1696","Belmont University",28306
"1699","Carson-Newman University",25555
"1700","Christian Brothers University",22759
"1701","Cumberland University",25827
"1702","Lipscomb University",30480
"1705","Freed-Hardeman University",31185
"1708","King University",21091
"1710","Le Moyne-Owen College",27441
"1711","Lee University",32163
"1712","Lincoln Memorial University",19987
"1716","Milligan College",25626
"1718","Rhodes College",27077
"1719","Sewanee-The University of the South",21277
"1721","Tennessee Wesleyan College",21280
"1723","Trevecca Nazarene University",28430
"1724","Tusculum College",29162
"1725","Union University",29187
"1726","Vanderbilt University",20790
"1731","Angelo State University",25508
"1733","Texas A & M University-Corpus Christi",26445
"1737","University of Houston-Downtown",23249
"1739","University of Houston",18453
"1741","Texas A & M International University",17394
"1743","Midwestern State University",25550
"1745","The University of Texas-Pan American",14900
"1747","Prairie View A & M University",27500
"1748","Sam Houston State University",31433
"1749","Stephen F Austin State University",27278
"1750","Texas State University",26031
"1752","Tarleton State University",26267
"1757","Texas A & M University-College Station",23703
"1758","The University of Texas at Arlington",23210
"1759","The University of Texas at Austin",27207
"1760","The University of Texas at Dallas",19613
"1761","The University of Texas at El Paso",24000
"1764","The University of Texas at San Antonio",27337
"1765","Texas Southern University",43600
"1766","Texas Tech University",25306
"1770","West Texas A & M University",20682
"1774","Abilene Christian University",43841
"1781","Concordia University-Texas",24882
"1782","Dallas Baptist University",28279
"1784","University of Dallas",36561
"1785","East Texas Baptist University",30718
"1787","Hardin-Simmons University",34380
"1789","Howard Payne University",33329
"1791","University of the Incarnate Word",29744
"1793","LeTourneau University",38211
"1794","Lubbock Christian University",27949
"1795","University of Mary Hardin-Baylor",37048
"1796","McMurry University",34742
"1798","Our Lady of the Lake University",28362
"1800","Rice University",22241
"1801","Saint Edward's University",34444
"1802","University of St Thomas",36497
"1803","Schreiner University",29364
"1805","Southern Methodist University",34671
"1807","Southwestern University",30935
"1809","Texas Christian University",39584
"1811","Texas Lutheran University",31576
"1812","Texas Wesleyan University",37014
"1813","Trinity University",35318
"1814","Wayland Baptist University",25725
"1823","Criswell College",4030
"1824","Dixie State University",24441
"1826","Southern Utah University",14978
"1827","Utah State University",21200
"1828","Utah Valley University",16784
"1829","University of Utah",20019
"1831","Brigham Young University-Provo",14021
"1834","Westminster College",27523
"1835","Western Governors University",19880
"1844","Vermont Technical College",23530
"1845","University of Vermont",27276
"1846","Bennington College",26073
"1848","Champlain College",35444
"1849","Goddard College",22888
"1851","Marlboro College",29478
"1852","Middlebury College",17975
"1853","Norwich University",32498
"1854","Saint Michael's College",36967
"1859","College of William and Mary",25733
"1860","Christopher Newport University",28135
"1861","George Mason University",27206
"1862","James Madison University",23732
"1863","Longwood University",27644
"1864","University of Mary Washington",17460
"1866","Old Dominion University",29357
"1867","Radford University",26333
"1868","The University of Virginia's College at Wise",12662
"1869","Virginia Polytechnic Institute and State University",27865
"1870","Virginia Commonwealth University",32411
"1871","University of Virginia-Main Campus",22933
"1872","Virginia Military Institute",26720
"1873","Virginia State University",28250
"1874","Averett University",31876
"1875","Bluefield College",24344
"1876","Bridgewater College",33326
"1877","Regent University",36564
"1879","Emory & Henry College",28126
"1882","Hampden-Sydney College",30644
"1883","Hampton University",9231
"1884","Hollins University",37332
"1885","Liberty University",20451
"1886","Lynchburg College",33592
"1887","Mary Baldwin College",32117
"1888","Marymount University",26528
"1890","Randolph-Macon College",34930
"1891","Randolph College",33854
"1893","University of Richmond",22550
"1894","Roanoke College",34320
"1895","Shenandoah University",28831
"1897","Sweet Briar College",26795
"1899","Virginia Union University",33286
"1900","Virginia Wesleyan College",31891
"1901","Washington and Lee University",23224
"1906","Central Washington University",26360
"1909","Eastern Washington University",27259
"1910","The Evergreen State College",21054
"1916","Washington State University",24298
"1917","University of Washington-Seattle Campus",21532
"1918","Western Washington University",21520
"1919","University of Washington-Bothell Campus",19536
"1920","University of Washington-Tacoma Campus",23396
"1923","Cornish College of the Arts",32179
"1924","Gonzaga University",29513
"1928","Northwest University",27479
"1929","Pacific Lutheran University",32459
"1930","University of Puget Sound",27776
"1931","Saint Martin's University",27944
"1932","Seattle Pacific University",28844
"1933","Seattle University",29044
"1934","Walla Walla University",38778
"1935","Whitman College",19147
"1936","Whitworth University",26132
"1940","Bluefield State College",27000
"1941","Concord University",21273
"1942","Fairmont State University",26420
"1943","Glenville State College",27932
"1944","Marshall University",26625
"1947","Shepherd University",27938
"1950","West Virginia University Institute of Technology",20893
"1951","West Virginia University",27332
"1952","Alderson Broaddus University",26765
"1958","West Virginia Wesleyan College",31044
"1959","Wheeling Jesuit University",29131
"1960","University of Wisconsin-Whitewater",27623
"1961","University of Wisconsin-Eau Claire",26210
"1962","University of Wisconsin-Green Bay",27239
"1963","University of Wisconsin-La Crosse",25932
"1964","University of Wisconsin-Oshkosh",23989
"1966","University of Wisconsin-Stout",27397
"1967","University of Wisconsin-Superior",29410
"1968","University of Wisconsin-Madison",26579
"1969","University of Wisconsin-Milwaukee",33234
"1971","University of Wisconsin-River Falls",27134
"1972","University of Wisconsin-Stevens Point",25871
"1973","Alverno College",38642
"1975","Beloit College",28768
"1976","Cardinal Stritch University",29473
"1977","Carroll University",32931
"1979","Columbia College of Nursing",28203
"1980","Concordia University-Wisconsin",30880
"1981","Edgewood College",31522
"1983","Lawrence University",33755
"1984","Maranatha Baptist University",14851
"1985","Marian University",31000
"1986","Marquette University",35211
"1988","Milwaukee School of Engineering",37243
"1989","Mount Mary University",29759
"1991","Northland College",30637
"1993","Saint Norbert College",31438
"1996","Wisconsin Lutheran College",26896
"1999","University of Wyoming",23708
